{"name":"7174322e-de96-4ab7-8565-f7b1e52af3b1","id":"/providers/Microsoft.Flow/flows/7174322e-de96-4ab7-8565-f7b1e52af3b1","type":"Microsoft.Flow/flows","properties":{"apiId":"/providers/Microsoft.PowerApps/apis/shared_logicflows","displayName":"MSFormsToBC","definition":{"metadata":{"workflowEntityId":null,"processAdvisorMetadata":null,"flowclientsuspensionreason":"None","flowclientsuspensiontime":null,"flowclientsuspensionreasondetails":null,"creator":{"id":"46b83b67-5e96-42c3-8a2d-cfb811d59e31","type":"User","tenantId":"707f292f-e683-49ab-931d-635d50eef336"},"provisioningMethod":"FromDefinition","failureAlertSubscription":true,"clientLastModifiedTime":"2023-01-14T17:15:50.1997335Z"},"$schema":"https://schema.management.azure.com/providers/Microsoft.Logic/schemas/2016-06-01/workflowdefinition.json#","contentVersion":"1.0.0.0","parameters":{"$connections":{"defaultValue":{},"type":"Object"},"$authentication":{"defaultValue":{},"type":"SecureObject"}},"triggers":{"When_a_new_response_is_submitted":{"splitOn":"@triggerOutputs()?['body/value']","metadata":{"operationMetadataId":"afc41454-73f7-4e1a-87b9-e0bd1391bdff"},"type":"OpenApiConnectionWebhook","inputs":{"host":{"apiId":"/providers/Microsoft.PowerApps/apis/shared_microsoftforms","connectionName":"shared_microsoftforms","operationId":"CreateFormWebhook"},"parameters":{"form_id":"Lyl_cIPmq0mTHWNdUO7zNmc7uEaWXsNCii3PuBHVnjFUQ0pOQlZIMzQ1NUtYUExXRUwwQjJBMEFITy4u"},"authentication":"@parameters('$authentication')"}}},"actions":{"Get_response_details":{"runAfter":{},"metadata":{"operationMetadataId":"f9917d66-d2b7-4b8e-af6b-49284108002d"},"type":"OpenApiConnection","inputs":{"host":{"apiId":"/providers/Microsoft.PowerApps/apis/shared_microsoftforms","connectionName":"shared_microsoftforms","operationId":"GetFormResponseById"},"parameters":{"form_id":"Lyl_cIPmq0mTHWNdUO7zNmc7uEaWXsNCii3PuBHVnjFUQ0pOQlZIMzQ1NUtYUExXRUwwQjJBMEFITy4u","response_id":"@triggerOutputs()?['body/resourceData/responseId']"},"authentication":"@parameters('$authentication')"}},"Compose":{"runAfter":{"Get_response_details":["Succeeded"]},"metadata":{"operationMetadataId":"427479b7-306e-4a1b-9a98-1a7030b46575"},"type":"Compose","inputs":"@json(outputs('Get_response_details')?['body/ref4a966c702e48b1b09c4c9daae0332b'])"},"Apply_to_each":{"foreach":"@outputs('Compose')","actions":{"ConvertToBase64":{"runAfter":{"Get_file_content":["Succeeded"]},"metadata":{"operationMetadataId":"75d85c84-706e-44e4-a117-e2fa2c533791"},"type":"Compose","inputs":"@base64(outputs('Get_file_content')?['body'])"},"Create_record_(V3)":{"runAfter":{"ConvertToBase64":["Succeeded"]},"metadata":{"operationMetadataId":"ff71a5fd-5bc2-4fc0-9441-24cd3f5c8759"},"type":"OpenApiConnection","inputs":{"host":{"apiId":"/providers/Microsoft.PowerApps/apis/shared_dynamicssmbsaas","connectionName":"shared_dynamicssmbsaas","operationId":"PostItemV3"},"parameters":{"bcenvironment":"BCOPENDISCUSSION","company":"84b7b4b7-135b-ed11-956e-000d3a398f21","dataset":"saurav/bcopendiscussion/v1.0","table":"msformsapi","item/responderName":"@outputs('Get_response_details')?['body/r240dd2d135cf4bdd8cc5d9adfe441b1e']","item/responderEMail":"@outputs('Get_response_details')?['body/r886d0f1bcf7d43d7a7751839881122c2']","item/responderAge":"@int(outputs('Get_response_details')?['body/r7909148b2e3e4c728e0020abbe722a49'])","item/In64bitValue":"@outputs('ConvertToBase64')"},"authentication":"@parameters('$authentication')"}},"Get_file_content":{"runAfter":{},"metadata":{"operationMetadataId":"76654b66-3fac-4c93-bd41-91780d24a861"},"type":"OpenApiConnection","inputs":{"host":{"apiId":"/providers/Microsoft.PowerApps/apis/shared_onedriveforbusiness","connectionName":"shared_onedriveforbusiness","operationId":"GetFileContent"},"parameters":{"id":"@item()?['id']","inferContentType":true},"authentication":"@parameters('$authentication')"}}},"runAfter":{"Compose":["Succeeded"]},"metadata":{"operationMetadataId":"a83939a9-d506-4b79-9d55-5d192c014fd9"},"type":"Foreach"}}},"connectionReferences":{"shared_microsoftforms":{"connectionName":"shared-microsoftform-df28181c-f951-4cf7-a531-811c2a6d3c8a","source":"Embedded","id":"/providers/Microsoft.PowerApps/apis/shared_microsoftforms","tier":"NotSpecified"},"shared_dynamicssmbsaas":{"connectionName":"shared-dynamicssmbsa-bba7b9f4-228b-4af6-aabd-c76603bce7e1","source":"Embedded","id":"/providers/Microsoft.PowerApps/apis/shared_dynamicssmbsaas","tier":"NotSpecified"},"shared_onedriveforbusiness":{"connectionName":"shared-onedriveforbu-b41fd22d-8c83-4c13-b44b-deadd26f80d7","source":"Embedded","id":"/providers/Microsoft.PowerApps/apis/shared_onedriveforbusiness","tier":"NotSpecified"}},"flowFailureAlertSubscribed":false,"isManaged":false}}